<?xml version="1.0" encoding="UTF-8"?>
<package xmlns="http://pear.php.net/dtd/package-2.1" xmlns:tasks="http://pear.php.net/dtd/tasks-1.0" xmlns:xsi="http://www.w3.org/2001/XMLSchema-instance" version="2.1" xsi:schemaLocation="http://pear.php.net/dtd/tasks-1.0     http://pear.php.net/dtd/tasks-1.0.xsd     http://pear.php.net/dtd/package-2.1     http://pear.php.net/dtd/package-2.1.xsd" packagerversion="2.0.0a1">
 <name>QueryPath</name>
 <channel>pear.querypath.org</channel>
 <summary>QueryPath: A library for working with XML, HTML, and web services.
</summary>
 <description>
QueryPath implements much of the jQuery API in PHP, and supports CSS 
selector queries, jQuery's traversal and manipulation APIs, and 
adds many other useful methods. Learn more at http://querypath.org.</description>
 <lead>
  <name>Matt Butcher</name>
  <user>technosophos</user>
  <email>matt@aleph-null.tv</email>
  <active>yes</active>
 </lead>
 <developer>
  <name>Emily Brand</name>
  <user>eabrand</user>
  <email>emily@example.com</email>
  <active>yes</active>
 </developer>
 <contributor>
  <name>Woody Gilk</name>
  <user>shadowhand</user>
  <email>woody@wingsc.com</email>
  <active>yes</active>
 </contributor>
 <date>2011-10-17</date>
 <time>10:02:16</time>
 <version>
  <release>2.1.1</release>
  <api>2.1.1</api>
 </version>
 <stability>
  <release>stable</release>
  <api>stable</api>
 </stability>
 <license uri="http://www.opensource.org/licenses/lgpl-license.php">LGPL or MIT (Your Choice)</license>
 <notes>RELEASE NOTES

2.1.1:

1. The xhtml() and writeXHTML() methods now correctly escape JS/CSS and also correctly
   fold some tags into unaries will keeping other empty tags. See issues #10, #47. 
   Thanks to Alex Lawrence for his input.
   
2. The method document() has been added. Thanks to Alex Lawrence for suggesting this 
   addition.

3. The fetch_rss.php example created broken HREFs in some cases. Thanks to yaph for
   the patch.

4. The xpath() method now supports setting default namespaces. Thanks to Xavier Prud'homme
   for a patch.

5. The remove() method was fixed (issue #55) to now correctly return a QueryPath with 
   just the removed nodes, while not altering the base QueryPath object. Thanks to MarcusX
   for finding and reporting the problem.

6. Added childrenText() convenience method. (Safe -- no changes to existing functions.)
   Thanks to Xavatar for suggestion and proofing initial code.

7. Fixed bad character stripping in htmlqp() (Issue #58, #52) so that meaningful whitespace
   is no longer stripped prior to parsing. Thanks to NortherRaven for detailed report
   and help testing and debugging.
   
8. Fixed broken :nth-of-type pseudo-class (Issue #57). Thanks to NorthernRaven for the 
   detailed report and help debugging.
   
9. Fixed broken an+b rule handling in the special case '-n+b'. Thanks to NorthernRaven for
   reporting and helping out.
   
10. Xinclude support has been added via the xinclude() method on QueryPath. Thanks to Crell
   for the suggestion and to sdboyer for help (Issue #50).

11. QueryPath now implements Countable, which means you can do `count(qp($xml, 'div'))`. The
   size() function has been marked deprecated.

12. is() now takes both DOMNodes and Traversables (including QueryPath) as an argument. See
   issue #53.
   
13. The dirty_html.php example (contributed by Emily Brand, thanks!) is now fixed. Thanks to
   MartyIX for tracking down the issue (#59).

2.1.0:
Big Changes:

1. There is now an `htmlqp()` function that parses crufty HTML in a far
more reliable way than `qp()`. Use this instead of any variant of 
the older `@qp()` setup.

2. The API has been brought into alignment with jQuery 1.4. See 
API-2.1.0 for details.

3. This release was driven substantially by eabrand's GSOC 2010 
contributions. Thanks, Emily!

4. There are now Phar and PEAR packages available. Got to 
http://pear.querypath.org for PEAR packages.

5. The minimal QP distribution is no longer minified, as it reportedly
causes XDebug to crash.

7. Data URs are now supported. QueryPath can now embed images directly
into HTML and XML this way.

8. Documentation is now in Doxygen instead of PhpDocumentor. Thanks
to Matt Farina and Kevin O'Brien for their input.


API Changes in 2.1.1

  * NEW METHOD: document() returns the DOMDocument
  * BUG FIX: Issue #10 has been re-fixed to correctly collapse certain empty tags.
  * BUG FIX: Issue #10 has been re-fixed to correctly escape JavaScript for browsers.
  * BUG FIX: Issue #47 has been fixed to only remove XML declaration, but leave DOCTYPE.
  * NEW ARGUMENT: xpath() now supports $options, which includes the ability to set a namespace.

API Changes in 2.1

All changes are documented in their respective doc blocks. So take a 
look at http://api.querypath.org to learn more.

New Functions
  * The `htmlqp()` method has been added for parsing icky HTML. Use
    this for web scraping.

Altered Functions
  * The qp() function now supports the following new options:
    - convert_to_encoding
    - convert_from_encoding
    - strip_low_ascii
    - use_parser

New Methods
  * attach()/detach()
  * has()
  * emptyElement()
  * even()/odd()
  * first()/last()
  * firstChild()/lastChild()
  * nextUntil()/prevUntil()
  * parentsUntil()
  * encodeDataURL()
  * dataURL()
  * filterPreg()
  * textBefore()/textAfter()

Altered Methods
  * css() has been changed to allow subsequent calls
    to modify the style attribute (issue #28)
  * attr() has been changed. If it is called with no 
    arguments, it now returns all attributes.

New CSS Selectors Behavior

  * :contains-exactly() performs as :contains() used to perform.

Altered CSS Selectors Behavior

  * The star operator (*) is now non-greedy, per spec. Before, the star would match
    any descendants. Now it will only match children.
  * :contains() now does substring matching instead of exact matching. This conforms
    to jQuery's behavior.
  * Quotes are now checked carefully before being stripped from pseudo-class values.
  * Issue #40 identified a potential infinite looping problem on poorly formed selectors.
    This was fixed.
</notes>
 <contents>
  <dir name="/">
   <file role="php" name="php/QueryPath/QueryPathExtension.php"/>
   <file role="php" name="php/QueryPath/QueryPath.php"/>
   <file role="php" name="php/QueryPath/Extension/QPXSL.php"/>
   <file role="php" name="php/QueryPath/Extension/QPXML.php"/>
   <file role="php" name="php/QueryPath/Extension/QPTPL.php"/>
   <file role="php" name="php/QueryPath/Extension/QPList.php"/>
   <file role="php" name="php/QueryPath/Extension/QPDB.php"/>
   <file role="php" name="php/QueryPath/CssParser.php"/>
   <file role="php" name="php/QueryPath/CssEventHandler.php"/>
  </dir>
 </contents>
 <dependencies>
  <required>
   <php>
    <min>5.2.0</min>
   </php>
   <pearinstaller>
    <min>2.0.0a1</min>
   </pearinstaller>
  </required>
 </dependencies>
 <phprelease/>
</package>
