﻿<?xml version="1.0" encoding="utf-8"?>
<install version="1.5" type="plugin" group="system">
	<name>System - fieldsattachements</name>
	<author>Cristian Grañó Reder</author>
	<creationDate>20-01-2011</creationDate>
	<copyright>Copyright (C) 2005 - 2011 Open Source Cristian Grañó. All rights reserved.</copyright>
	<license>http://www.gnu.org/licenses/gpl-2.0.html GNU/GPL</license>
	<authorEmail>cristiangrano@hotmail.com	</authorEmail>
	<authorUrl>www.percha.com</authorUrl>
	<version>3.9.1</version>
	<description>Provides insert fields in article</description>
	<files>
		<filename plugin="fieldsattachment">fieldsattachment.php</filename>
		<folder>js</folder> 
		<folder>lib/QueryPath-2.1.1/php/QueryPath</folder> 
	</files>	 
</install>
